[
 {
   "Year": 1928,
   "SandP": 46.45369842,
   "PC_Stock": "",
   "Bond": 4.55,
   "PC_Bond": "",
   "Treas": 3.08,
   "PC_Treas": "",
   "CPIU": -1.16,
   "GDP": null
 },
 {
   "Year": 1929,
   "SandP": -8.990345937,
   "PC_Stock": "",
   "Bond": 4.73,
   "PC_Bond": "",
   "Treas": 3.16,
   "PC_Treas": "",
   "CPIU": 0,
   "GDP": null
 },
 {
   "Year": 1930,
   "SandP": -21.90042991,
   "PC_Stock": "",
   "Bond": 4.55,
   "PC_Bond": "",
   "Treas": 4.55,
   "PC_Treas": "",
   "CPIU": -7.02,
   "GDP": -8.5
 },
 {
   "Year": 1931,
   "SandP": -42.46975386,
   "PC_Stock": "",
   "Bond": 4.58,
   "PC_Bond": "",
   "Treas": 2.31,
   "PC_Treas": "",
   "CPIU": -10.06,
   "GDP": -6.4
 },
 {
   "Year": 1932,
   "SandP": -6.787148594,
   "PC_Stock": "",
   "Bond": 5.01,
   "PC_Bond": "",
   "Treas": 1.07,
   "PC_Treas": "",
   "CPIU": -9.79,
   "GDP": -12.9
 },
 {
   "Year": 1933,
   "SandP": 55.2538787,
   "PC_Stock": "",
   "Bond": 4.49,
   "PC_Bond": "",
   "Treas": 0.96,
   "PC_Treas": "",
   "CPIU": 2.33,
   "GDP": -1.3
 },
 {
   "Year": 1934,
   "SandP": -7.918247944,
   "PC_Stock": "",
   "Bond": 4,
   "PC_Bond": "",
   "Treas": 0.28,
   "PC_Treas": "",
   "CPIU": 3.03,
   "GDP": 10.8
 },
 {
   "Year": 1935,
   "SandP": 53.43772498,
   "PC_Stock": "",
   "Bond": 3.6,
   "PC_Bond": "",
   "Treas": 0.17,
   "PC_Treas": "",
   "CPIU": 1.47,
   "GDP": 8.9
 },
 {
   "Year": 1936,
   "SandP": 32.00702519,
   "PC_Stock": "",
   "Bond": 3.24,
   "PC_Bond": "",
   "Treas": 0.17,
   "PC_Treas": "",
   "CPIU": 2.17,
   "GDP": 12.9
 },
 {
   "Year": 1937,
   "SandP": -31.24881561,
   "PC_Stock": "",
   "Bond": 3.26,
   "PC_Bond": "",
   "Treas": 0.28,
   "PC_Treas": "",
   "CPIU": 0.71,
   "GDP": 5.1
 },
 {
   "Year": 1938,
   "SandP": 16.68140289,
   "PC_Stock": "",
   "Bond": 3.19,
   "PC_Bond": "",
   "Treas": 0.07,
   "PC_Treas": "",
   "CPIU": -1.41,
   "GDP": -3.3
 },
 {
   "Year": 1939,
   "SandP": 2.786666667,
   "PC_Stock": "",
   "Bond": 3.01,
   "PC_Bond": "",
   "Treas": 0.05,
   "PC_Treas": "",
   "CPIU": -0.71,
   "GDP": 8
 },
 {
   "Year": 1940,
   "SandP": -8.936314363,
   "PC_Stock": "",
   "Bond": 2.84,
   "PC_Bond": "",
   "Treas": 0.04,
   "PC_Treas": "",
   "CPIU": 1.44,
   "GDP": 8.8
 },
 {
   "Year": 1941,
   "SandP": -8.799368088,
   "PC_Stock": "",
   "Bond": 2.77,
   "PC_Bond": "",
   "Treas": 0.13,
   "PC_Treas": "",
   "CPIU": 11.35,
   "GDP": 17.7
 },
 {
   "Year": 1942,
   "SandP": 20.268757,
   "PC_Stock": "",
   "Bond": 2.83,
   "PC_Bond": "",
   "Treas": 0.34,
   "PC_Treas": "",
   "CPIU": 7.64,
   "GDP": 18.9
 },
 {
   "Year": 1943,
   "SandP": 23.34819954,
   "PC_Stock": "",
   "Bond": 2.73,
   "PC_Bond": "",
   "Treas": 0.38,
   "PC_Treas": "",
   "CPIU": 2.96,
   "GDP": 17
 },
 {
   "Year": 1944,
   "SandP": 19.15611814,
   "PC_Stock": "",
   "Bond": 2.72,
   "PC_Bond": "",
   "Treas": 0.38,
   "PC_Treas": "",
   "CPIU": 2.3,
   "GDP": 8
 },
 {
   "Year": 1945,
   "SandP": 38.4235236,
   "PC_Stock": "",
   "Bond": 2.62,
   "PC_Bond": "",
   "Treas": 0.38,
   "PC_Treas": "",
   "CPIU": 2.25,
   "GDP": -1
 },
 {
   "Year": 1946,
   "SandP": -11.78782834,
   "PC_Stock": "",
   "Bond": 2.53,
   "PC_Bond": "",
   "Treas": 0.38,
   "PC_Treas": "",
   "CPIU": 18.13,
   "GDP": -11.6
 },
 {
   "Year": 1947,
   "SandP": 2.542187158,
   "PC_Stock": "",
   "Bond": 2.61,
   "PC_Bond": "",
   "Treas": 0.6,
   "PC_Treas": "",
   "CPIU": 10.23,
   "GDP": -1.1
 },
 {
   "Year": 1948,
   "SandP": 9.423465947,
   "PC_Stock": "",
   "Bond": 2.82,
   "PC_Bond": "",
   "Treas": 1.05,
   "PC_Treas": "",
   "CPIU": 1.27,
   "GDP": 4.1
 },
 {
   "Year": 1949,
   "SandP": 16.58528809,
   "PC_Stock": "",
   "Bond": 2.66,
   "PC_Bond": "",
   "Treas": 1.12,
   "PC_Treas": "",
   "CPIU": -2.08,
   "GDP": -0.5
 },
 {
   "Year": 1950,
   "SandP": 33.1457346,
   "PC_Stock": "",
   "Bond": 2.62,
   "PC_Bond": "",
   "Treas": 1.2,
   "PC_Treas": "",
   "CPIU": 8.09,
   "GDP": 8.7
 },
 {
   "Year": 1951,
   "SandP": 21.15747289,
   "PC_Stock": "",
   "Bond": 2.86,
   "PC_Bond": "",
   "Treas": 1.52,
   "PC_Treas": "",
   "CPIU": 4.33,
   "GDP": 8.1
 },
 {
   "Year": 1952,
   "SandP": 14.14840843,
   "PC_Stock": "",
   "Bond": 2.96,
   "PC_Bond": "",
   "Treas": 1.72,
   "PC_Treas": "",
   "CPIU": 0.38,
   "GDP": 4.1
 },
 {
   "Year": 1953,
   "SandP": 2.680162974,
   "PC_Stock": "",
   "Bond": 3.2,
   "PC_Bond": "",
   "Treas": 1.89,
   "PC_Treas": "",
   "CPIU": 1.13,
   "GDP": 4.7
 },
 {
   "Year": 1954,
   "SandP": 45.6205813,
   "PC_Stock": "",
   "Bond": 2.9,
   "PC_Bond": "",
   "Treas": 0.94,
   "PC_Treas": "",
   "CPIU": -0.74,
   "GDP": -0.6
 },
 {
   "Year": 1955,
   "SandP": 28.48080524,
   "PC_Stock": "",
   "Bond": 3.05,
   "PC_Bond": "",
   "Treas": 1.73,
   "PC_Treas": "",
   "CPIU": 0.37,
   "GDP": 7.1
 },
 {
   "Year": 1956,
   "SandP": 6.906379766,
   "PC_Stock": "",
   "Bond": 3.36,
   "PC_Bond": "",
   "Treas": 2.63,
   "PC_Treas": "",
   "CPIU": 2.99,
   "GDP": 2.1
 },
 {
   "Year": 1957,
   "SandP": -5.638711571,
   "PC_Stock": "",
   "Bond": 3.89,
   "PC_Bond": "",
   "Treas": 3.23,
   "PC_Treas": "",
   "CPIU": 3.62,
   "GDP": 2.1
 },
 {
   "Year": 1958,
   "SandP": 39.51442931,
   "PC_Stock": "",
   "Bond": 3.79,
   "PC_Bond": "",
   "Treas": 1.77,
   "PC_Treas": "",
   "CPIU": 1.4,
   "GDP": -0.7
 },
 {
   "Year": 1959,
   "SandP": 7.557233609,
   "PC_Stock": "",
   "Bond": 4.38,
   "PC_Bond": "",
   "Treas": 3.39,
   "PC_Treas": "",
   "CPIU": 1.03,
   "GDP": 6.9
 },
 {
   "Year": 1960,
   "SandP": 6.251077029,
   "PC_Stock": "",
   "Bond": 4.41,
   "PC_Bond": "",
   "Treas": 2.88,
   "PC_Treas": "",
   "CPIU": 1.71,
   "GDP": 2.6
 },
 {
   "Year": 1961,
   "SandP": 18.9369837,
   "PC_Stock": "",
   "Bond": 4.35,
   "PC_Bond": "",
   "Treas": 2.35,
   "PC_Treas": "",
   "CPIU": 0.67,
   "GDP": 2.6
 },
 {
   "Year": 1962,
   "SandP": -2.811157763,
   "PC_Stock": "",
   "Bond": 4.33,
   "PC_Bond": "",
   "Treas": 2.77,
   "PC_Treas": "",
   "CPIU": 1.33,
   "GDP": 6.1
 },
 {
   "Year": 1963,
   "SandP": 20.88456809,
   "PC_Stock": "",
   "Bond": 4.26,
   "PC_Bond": "",
   "Treas": 3.16,
   "PC_Treas": "",
   "CPIU": 1.64,
   "GDP": 4.4
 },
 {
   "Year": 1964,
   "SandP": 15.78046654,
   "PC_Stock": "",
   "Bond": 4.41,
   "PC_Bond": "",
   "Treas": 3.55,
   "PC_Treas": "",
   "CPIU": 0.97,
   "GDP": 5.8
 },
 {
   "Year": 1965,
   "SandP": 11.39882335,
   "PC_Stock": "",
   "Bond": 4.49,
   "PC_Bond": "",
   "Treas": 3.95,
   "PC_Treas": "",
   "CPIU": 1.92,
   "GDP": 6.5
 },
 {
   "Year": 1966,
   "SandP": -6.472353193,
   "PC_Stock": "",
   "Bond": 5.13,
   "PC_Bond": "",
   "Treas": 4.86,
   "PC_Treas": "",
   "CPIU": 3.46,
   "GDP": 6.6
 },
 {
   "Year": 1967,
   "SandP": 15.98085652,
   "PC_Stock": "",
   "Bond": 5.51,
   "PC_Bond": "",
   "Treas": 4.31,
   "PC_Treas": "",
   "CPIU": 3.65,
   "GDP": 2.7
 },
 {
   "Year": 1968,
   "SandP": 10.47716751,
   "PC_Stock": "",
   "Bond": 6.18,
   "PC_Bond": "",
   "Treas": 5.34,
   "PC_Treas": "",
   "CPIU": 4.4,
   "GDP": 4.9
 },
 {
   "Year": 1969,
   "SandP": -8.394607843,
   "PC_Stock": "",
   "Bond": 7.03,
   "PC_Bond": "",
   "Treas": 6.67,
   "PC_Treas": "",
   "CPIU": 6.18,
   "GDP": 3.1
 },
 {
   "Year": 1970,
   "SandP": 7.033182003,
   "PC_Stock": "",
   "Bond": 8.04,
   "PC_Bond": "",
   "Treas": 6.39,
   "PC_Treas": "",
   "CPIU": 5.29,
   "GDP": 0.2
 },
 {
   "Year": 1971,
   "SandP": 13.8071808,
   "PC_Stock": "",
   "Bond": 7.39,
   "PC_Bond": "",
   "Treas": 4.33,
   "PC_Treas": "",
   "CPIU": 3.27,
   "GDP": 3.3
 },
 {
   "Year": 1972,
   "SandP": 17.60487254,
   "PC_Stock": "",
   "Bond": 7.21,
   "PC_Bond": "",
   "Treas": 4.07,
   "PC_Treas": "",
   "CPIU": 3.65,
   "GDP": 5.2
 },
 {
   "Year": 1973,
   "SandP": -16.0888232,
   "PC_Stock": "",
   "Bond": 7.44,
   "PC_Bond": "",
   "Treas": 7.03,
   "PC_Treas": "",
   "CPIU": 9.39,
   "GDP": 5.6
 },
 {
   "Year": 1974,
   "SandP": -20.8467728,
   "PC_Stock": "",
   "Bond": 8.57,
   "PC_Bond": "",
   "Treas": 7.83,
   "PC_Treas": "",
   "CPIU": 11.8,
   "GDP": -0.5
 },
 {
   "Year": 1075,
   "SandP": 38.56923006,
   "PC_Stock": "",
   "Bond": 8.83,
   "PC_Bond": "",
   "Treas": 5.78,
   "PC_Treas": "",
   "CPIU": 6.72,
   "GDP": -0.2
 },
 {
   "Year": 1976,
   "SandP": 11.09505128,
   "PC_Stock": "",
   "Bond": 8.43,
   "PC_Bond": "",
   "Treas": 4.97,
   "PC_Treas": "",
   "CPIU": 5.22,
   "GDP": 5.4
 },
 {
   "Year": 1977,
   "SandP": -8.835902376,
   "PC_Stock": "",
   "Bond": 8.02,
   "PC_Bond": "",
   "Treas": 5.27,
   "PC_Treas": "",
   "CPIU": 6.84,
   "GDP": 4.6
 },
 {
   "Year": 1978,
   "SandP": 15.92982456,
   "PC_Stock": "",
   "Bond": 8.73,
   "PC_Bond": "",
   "Treas": 7.19,
   "PC_Treas": "",
   "CPIU": 9.28,
   "GDP": 5.6
 },
 {
   "Year": 1979,
   "SandP": 16.61484973,
   "PC_Stock": "",
   "Bond": 9.63,
   "PC_Bond": "",
   "Treas": 10.07,
   "PC_Treas": "",
   "CPIU": 13.91,
   "GDP": 3.2
 },
 {
   "Year": 1980,
   "SandP": 25.29305681,
   "PC_Stock": "",
   "Bond": 11.94,
   "PC_Bond": "",
   "Treas": 11.43,
   "PC_Treas": "",
   "CPIU": 11.83,
   "GDP": -0.2
 },
 {
   "Year": 1981,
   "SandP": -6.980576441,
   "PC_Stock": "",
   "Bond": 14.17,
   "PC_Bond": "",
   "Treas": 14.03,
   "PC_Treas": "",
   "CPIU": 8.39,
   "GDP": 2.6
 },
 {
   "Year": 1982,
   "SandP": 28.8086104,
   "PC_Stock": "",
   "Bond": 13.79,
   "PC_Bond": "",
   "Treas": 10.61,
   "PC_Treas": "",
   "CPIU": 3.71,
   "GDP": -1.9
 },
 {
   "Year": 1983,
   "SandP": 20.14322014,
   "PC_Stock": "",
   "Bond": 12.04,
   "PC_Bond": "",
   "Treas": 8.61,
   "PC_Treas": "",
   "CPIU": 4.19,
   "GDP": 4.6
 },
 {
   "Year": 1984,
   "SandP": 7.520032051,
   "PC_Stock": "",
   "Bond": 12.71,
   "PC_Bond": "",
   "Treas": 9.52,
   "PC_Treas": "",
   "CPIU": 3.53,
   "GDP": 7.3
 },
 {
   "Year": 1985,
   "SandP": 25.84741647,
   "PC_Stock": "",
   "Bond": 11.37,
   "PC_Bond": "",
   "Treas": 7.48,
   "PC_Treas": "",
   "CPIU": 3.89,
   "GDP": 4.2
 },
 {
   "Year": 1986,
   "SandP": 30.94420429,
   "PC_Stock": "",
   "Bond": 9.02,
   "PC_Bond": "",
   "Treas": 5.98,
   "PC_Treas": "",
   "CPIU": 1.46,
   "GDP": 3.5
 },
 {
   "Year": 1987,
   "SandP": -2.064902331,
   "PC_Stock": "",
   "Bond": 9.38,
   "PC_Bond": "",
   "Treas": 5.78,
   "PC_Treas": "",
   "CPIU": 4.05,
   "GDP": 3.5
 },
 {
   "Year": 1988,
   "SandP": 17.63173653,
   "PC_Stock": "",
   "Bond": 9.71,
   "PC_Bond": "",
   "Treas": 6.67,
   "PC_Treas": "",
   "CPIU": 4.67,
   "GDP": 4.2
 },
 {
   "Year": 1989,
   "SandP": 22.76600093,
   "PC_Stock": "",
   "Bond": 9.26,
   "PC_Bond": "",
   "Treas": 8.11,
   "PC_Treas": "",
   "CPIU": 5.2,
   "GDP": 3.7
 },
 {
   "Year": 1990,
   "SandP": -0.834632468,
   "PC_Stock": "",
   "Bond": 9.32,
   "PC_Bond": "",
   "Treas": 7.49,
   "PC_Treas": "",
   "CPIU": 5.65,
   "GDP": 1.9
 },
 {
   "Year": 1991,
   "SandP": 31.57342263,
   "PC_Stock": "",
   "Bond": 8.77,
   "PC_Bond": "",
   "Treas": 5.38,
   "PC_Treas": "",
   "CPIU": 2.6,
   "GDP": -0.1
 },
 {
   "Year": 1992,
   "SandP": 7.568055823,
   "PC_Stock": "",
   "Bond": 8.14,
   "PC_Bond": "",
   "Treas": 3.43,
   "PC_Treas": "",
   "CPIU": 3.26,
   "GDP": 3.6
 },
 {
   "Year": 1993,
   "SandP": 11.54983189,
   "PC_Stock": "",
   "Bond": 7.22,
   "PC_Bond": "",
   "Treas": 3,
   "PC_Treas": "",
   "CPIU": 2.52,
   "GDP": 2.7
 },
 {
   "Year": 1994,
   "SandP": 1.083180053,
   "PC_Stock": "",
   "Bond": 7.96,
   "PC_Bond": "",
   "Treas": 4.25,
   "PC_Treas": "",
   "CPIU": 2.8,
   "GDP": 4
 },
 {
   "Year": 1995,
   "SandP": 34.94841483,
   "PC_Stock": "",
   "Bond": 7.59,
   "PC_Bond": "",
   "Treas": 5.49,
   "PC_Treas": "",
   "CPIU": 2.73,
   "GDP": 2.7
 },
 {
   "Year": 1996,
   "SandP": 27.04827317,
   "PC_Stock": "",
   "Bond": 7.37,
   "PC_Bond": "",
   "Treas": 5.01,
   "PC_Treas": "",
   "CPIU": 3.04,
   "GDP": 3.8
 },
 {
   "Year": 1997,
   "SandP": 27.71429877,
   "PC_Stock": "",
   "Bond": 7.26,
   "PC_Bond": "",
   "Treas": 5.06,
   "PC_Treas": "",
   "CPIU": 1.57,
   "GDP": 4.5
 },
 {
   "Year": 1998,
   "SandP": 31.27984346,
   "PC_Stock": "",
   "Bond": 6.53,
   "PC_Bond": "",
   "Treas": 4.78,
   "PC_Treas": "",
   "CPIU": 1.67,
   "GDP": 4.5
 },
 {
   "Year": 1999,
   "SandP": 15.48216779,
   "PC_Stock": "",
   "Bond": 7.04,
   "PC_Bond": "",
   "Treas": 4.64,
   "PC_Treas": "",
   "CPIU": 2.74,
   "GDP": 4.7
 },
 {
   "Year": 2000,
   "SandP": -5.149096164,
   "PC_Stock": "",
   "Bond": 7.62,
   "PC_Bond": "",
   "Treas": 5.82,
   "PC_Treas": "",
   "CPIU": 3.73,
   "GDP": 4.1
 },
 {
   "Year": 2001,
   "SandP": -13.4461515,
   "PC_Stock": "",
   "Bond": 7.08,
   "PC_Bond": "",
   "Treas": 3.39,
   "PC_Treas": "",
   "CPIU": 1.14,
   "GDP": 1
 },
 {
   "Year": 2002,
   "SandP": -20.03907175,
   "PC_Stock": "",
   "Bond": 6.49,
   "PC_Bond": "",
   "Treas": 1.6,
   "PC_Treas": "",
   "CPIU": 2.6,
   "GDP": 1.8
 },
 {
   "Year": 2003,
   "SandP": 28.25978969,
   "PC_Stock": "",
   "Bond": 5.67,
   "PC_Bond": "",
   "Treas": 1.01,
   "PC_Treas": "",
   "CPIU": 1.93,
   "GDP": 2.8
 },
 {
   "Year": 2004,
   "SandP": 5.962293528,
   "PC_Stock": "",
   "Bond": 5.63,
   "PC_Bond": "",
   "Treas": 1.37,
   "PC_Treas": "",
   "CPIU": 2.97,
   "GDP": 3.8
 },
 {
   "Year": 2005,
   "SandP": 10.01352903,
   "PC_Stock": "",
   "Bond": 5.24,
   "PC_Bond": "",
   "Treas": 3.15,
   "PC_Treas": "",
   "CPIU": 3.99,
   "GDP": 3.3
 },
 {
   "Year": 2006,
   "SandP": 13.21688967,
   "PC_Stock": "",
   "Bond": 5.59,
   "PC_Bond": "",
   "Treas": 4.73,
   "PC_Treas": "",
   "CPIU": 2.08,
   "GDP": 2.7
 },
 {
   "Year": 2007,
   "SandP": -1.337279519,
   "PC_Stock": "",
   "Bond": 5.56,
   "PC_Bond": "",
   "Treas": 4.35,
   "PC_Treas": "",
   "CPIU": 4.33,
   "GDP": 1.8
 },
 {
   "Year": 2008,
   "SandP": -35.15278221,
   "PC_Stock": "",
   "Bond": 5.63,
   "PC_Bond": "",
   "Treas": 1.37,
   "PC_Treas": "",
   "CPIU": -0.02,
   "GDP": -0.3
 },
 {
   "Year": 2009,
   "SandP": 32.72815145,
   "PC_Stock": "",
   "Bond": 5.31,
   "PC_Bond": "",
   "Treas": 0.15,
   "PC_Treas": "",
   "CPIU": 2.63,
   "GDP": -2.8
 },
 {
   "Year": 2010,
   "SandP": 16.1331043,
   "PC_Stock": "",
   "Bond": 4.94,
   "PC_Bond": "",
   "Treas": 0.14,
   "PC_Treas": "",
   "CPIU": 1.63,
   "GDP": 2.5
 },
 {
   "Year": 2011,
   "SandP": 3.313270233,
   "PC_Stock": "",
   "Bond": 4.64,
   "PC_Bond": "",
   "Treas": 0.05,
   "PC_Treas": "",
   "CPIU": 2.93,
   "GDP": 1.6
 },
 {
   "Year": 2012,
   "SandP": 16.03483318,
   "PC_Stock": "",
   "Bond": 3.67,
   "PC_Bond": "",
   "Treas": 0.09,
   "PC_Treas": "",
   "CPIU": 1.59,
   "GDP": 2.2
 },
 {
   "Year": 2013,
   "SandP": 25.35401468,
   "PC_Stock": "",
   "Bond": 4.24,
   "PC_Bond": "",
   "Treas": 0.06,
   "PC_Treas": "",
   "CPIU": 1.5,
   "GDP": 1.7
 },
 {
   "Year": 2014,
   "SandP": 13.35269467,
   "PC_Stock": "",
   "Bond": 4.16,
   "PC_Bond": "",
   "Treas": 0.03,
   "PC_Treas": "",
   "CPIU": 0.8,
   "GDP": 2.6
 },
 {
   "Year": 2015,
   "SandP": -3.342734208,
   "PC_Stock": "",
   "Bond": 3.89,
   "PC_Bond": "",
   "Treas": 0.05,
   "PC_Treas": "",
   "CPIU": 0.7,
   "GDP": 2.9
 },
 {
   "Year": 2016,
   "SandP": 20.90560826,
   "PC_Stock": "",
   "Bond": 3.67,
   "PC_Bond": "",
   "Treas": 0.32,
   "PC_Treas": "",
   "CPIU": 2.1,
   "GDP": 1.5
 },
 {
   "Year": 2017,
   "SandP": 24.70576644,
   "PC_Stock": "",
   "Bond": null,
   "PC_Bond": "",
   "Treas": null,
   "PC_Treas": "",
   "CPIU": null,
   "GDP": null
 },
 {
   "Year": 2018,
   "SandP": -4.697170645,
   "PC_Stock": "",
   "Bond": null,
   "PC_Bond": "",
   "Treas": null,
   "PC_Treas": "",
   "CPIU": null,
   "GDP": null
 }
]