[{
"Year":1928,
"SandP":43.81,
"PC_Stock":"",
"Bond":4.55,
"PC_Bond":"",
"Treas":3.08,
"PC_Treas":"",
"CPIU":-1.2,
"GDP":null
},
{
"Year":1929,
"SandP":-8.3,
"PC_Stock":"",
"Bond":4.73,
"PC_Bond":"",
"Treas":3.16,
"PC_Treas":"",
"CPIU":0.6,
"GDP":null
},
{
"Year":1930,
"SandP":-25.12,
"PC_Stock":"",
"Bond":4.55,
"PC_Bond":"",
"Treas":4.55,
"PC_Treas":"",
"CPIU":-6.4,
"GDP":-8.5
},
{
"Year":1931,
"SandP":-43.84,
"PC_Stock":"",
"Bond":4.58,
"PC_Bond":"",
"Treas":2.31,
"PC_Treas":"",
"CPIU":-9.3,
"GDP":-6.4
},
{
"Year":1932,
"SandP":-8.64,
"PC_Stock":"",
"Bond":5.01,
"PC_Bond":"",
"Treas":1.07,
"PC_Treas":"",
"CPIU":-10.3,
"GDP":-12.9
},
{
"Year":1933,
"SandP":49.98,
"PC_Stock":"",
"Bond":4.49,
"PC_Bond":"",
"Treas":0.96,
"PC_Treas":"",
"CPIU":0.8,
"GDP":-1.3
},
{
"Year":1934,
"SandP":-1.19,
"PC_Stock":"",
"Bond":4,
"PC_Bond":"",
"Treas":0.28,
"PC_Treas":"",
"CPIU":1.5,
"GDP":10.8
},
{
"Year":1935,
"SandP":46.74,
"PC_Stock":"",
"Bond":3.6,
"PC_Bond":"",
"Treas":0.17,
"PC_Treas":"",
"CPIU":3,
"GDP":8.9
},
{
"Year":1936,
"SandP":31.94,
"PC_Stock":"",
"Bond":3.24,
"PC_Bond":"",
"Treas":0.17,
"PC_Treas":"",
"CPIU":1.4,
"GDP":12.9
},
{
"Year":1937,
"SandP":-35.34,
"PC_Stock":"",
"Bond":3.26,
"PC_Bond":"",
"Treas":0.28,
"PC_Treas":"",
"CPIU":2.9,
"GDP":5.1
},
{
"Year":1938,
"SandP":29.28,
"PC_Stock":"",
"Bond":3.19,
"PC_Bond":"",
"Treas":0.07,
"PC_Treas":"",
"CPIU":-2.8,
"GDP":-3.3
},
{
"Year":1939,
"SandP":-1.1,
"PC_Stock":"",
"Bond":3.01,
"PC_Bond":"",
"Treas":0.05,
"PC_Treas":"",
"CPIU":0,
"GDP":8
},
{
"Year":1940,
"SandP":-10.67,
"PC_Stock":"",
"Bond":2.84,
"PC_Bond":"",
"Treas":0.04,
"PC_Treas":"",
"CPIU":0.7,
"GDP":8.8
},
{
"Year":1941,
"SandP":-12.77,
"PC_Stock":"",
"Bond":2.77,
"PC_Bond":"",
"Treas":0.13,
"PC_Treas":"",
"CPIU":9.9,
"GDP":17.7
},
{
"Year":1942,
"SandP":19.17,
"PC_Stock":"",
"Bond":2.83,
"PC_Bond":"",
"Treas":0.34,
"PC_Treas":"",
"CPIU":9,
"GDP":18.9
},
{
"Year":1943,
"SandP":25.06,
"PC_Stock":"",
"Bond":2.73,
"PC_Bond":"",
"Treas":0.38,
"PC_Treas":"",
"CPIU":3,
"GDP":17
},
{
"Year":1944,
"SandP":19.03,
"PC_Stock":"",
"Bond":2.72,
"PC_Bond":"",
"Treas":0.38,
"PC_Treas":"",
"CPIU":2.3,
"GDP":8
},
{
"Year":1945,
"SandP":35.82,
"PC_Stock":"",
"Bond":2.62,
"PC_Bond":"",
"Treas":0.38,
"PC_Treas":"",
"CPIU":2.2,
"GDP":-1
},
{
"Year":1946,
"SandP":-8.43,
"PC_Stock":"",
"Bond":2.53,
"PC_Bond":"",
"Treas":0.38,
"PC_Treas":"",
"CPIU":18.1,
"GDP":-11.6
},
{
"Year":1947,
"SandP":5.2,
"PC_Stock":"",
"Bond":2.61,
"PC_Bond":"",
"Treas":0.6,
"PC_Treas":"",
"CPIU":8.8,
"GDP":-1.1
},
{
"Year":1948,
"SandP":5.7,
"PC_Stock":"",
"Bond":2.82,
"PC_Bond":"",
"Treas":1.05,
"PC_Treas":"",
"CPIU":3,
"GDP":4.1
},
{
"Year":1949,
"SandP":18.3,
"PC_Stock":"",
"Bond":2.66,
"PC_Bond":"",
"Treas":1.12,
"PC_Treas":"",
"CPIU":-2.1,
"GDP":-0.5
},
{
"Year":1950,
"SandP":30.81,
"PC_Stock":"",
"Bond":2.62,
"PC_Bond":"",
"Treas":1.2,
"PC_Treas":"",
"CPIU":5.9,
"GDP":8.7
},
{
"Year":1951,
"SandP":23.68,
"PC_Stock":"",
"Bond":2.86,
"PC_Bond":"",
"Treas":1.52,
"PC_Treas":"",
"CPIU":6,
"GDP":8.1
},
{
"Year":1952,
"SandP":18.15,
"PC_Stock":"",
"Bond":2.96,
"PC_Bond":"",
"Treas":1.72,
"PC_Treas":"",
"CPIU":0.8,
"GDP":4.1
},
{
"Year":1953,
"SandP":-1.21,
"PC_Stock":"",
"Bond":3.2,
"PC_Bond":"",
"Treas":1.89,
"PC_Treas":"",
"CPIU":0.7,
"GDP":4.7
},
{
"Year":1954,
"SandP":52.56,
"PC_Stock":"",
"Bond":2.9,
"PC_Bond":"",
"Treas":0.94,
"PC_Treas":"",
"CPIU":0.7,
"GDP":-0.6
},
{
"Year":1955,
"SandP":32.6,
"PC_Stock":"",
"Bond":3.05,
"PC_Bond":"",
"Treas":1.73,
"PC_Treas":"",
"CPIU":0.4,
"GDP":7.1
},
{
"Year":1956,
"SandP":7.44,
"PC_Stock":"",
"Bond":3.36,
"PC_Bond":"",
"Treas":2.63,
"PC_Treas":"",
"CPIU":3,
"GDP":2.1
},
{
"Year":1957,
"SandP":-10.46,
"PC_Stock":"",
"Bond":3.89,
"PC_Bond":"",
"Treas":3.23,
"PC_Treas":"",
"CPIU":2.9,
"GDP":2.1
},
{
"Year":1958,
"SandP":43.72,
"PC_Stock":"",
"Bond":3.79,
"PC_Bond":"",
"Treas":1.77,
"PC_Treas":"",
"CPIU":1.8,
"GDP":-0.7
},
{
"Year":1959,
"SandP":12.06,
"PC_Stock":"",
"Bond":4.38,
"PC_Bond":"",
"Treas":3.39,
"PC_Treas":"",
"CPIU":1.7,
"GDP":6.9
},
{
"Year":1960,
"SandP":0.34,
"PC_Stock":"",
"Bond":4.41,
"PC_Bond":"",
"Treas":2.88,
"PC_Treas":"",
"CPIU":1.4,
"GDP":2.6
},
{
"Year":1961,
"SandP":26.64,
"PC_Stock":"",
"Bond":4.35,
"PC_Bond":"",
"Treas":2.35,
"PC_Treas":"",
"CPIU":0.7,
"GDP":2.6
},
{
"Year":1962,
"SandP":-8.81,
"PC_Stock":"",
"Bond":4.33,
"PC_Bond":"",
"Treas":2.77,
"PC_Treas":"",
"CPIU":1.3,
"GDP":6.1
},
{
"Year":1963,
"SandP":22.61,
"PC_Stock":"",
"Bond":4.26,
"PC_Bond":"",
"Treas":3.16,
"PC_Treas":"",
"CPIU":1.6,
"GDP":4.4
},
{
"Year":1964,
"SandP":16.42,
"PC_Stock":"",
"Bond":4.41,
"PC_Bond":"",
"Treas":3.55,
"PC_Treas":"",
"CPIU":1,
"GDP":5.8
},
{
"Year":1965,
"SandP":12.4,
"PC_Stock":"",
"Bond":4.49,
"PC_Bond":"",
"Treas":3.95,
"PC_Treas":"",
"CPIU":1.9,
"GDP":6.5
},
{
"Year":1966,
"SandP":-9.97,
"PC_Stock":"",
"Bond":5.13,
"PC_Bond":"",
"Treas":4.86,
"PC_Treas":"",
"CPIU":3.5,
"GDP":6.6
},
{
"Year":1967,
"SandP":23.8,
"PC_Stock":"",
"Bond":5.51,
"PC_Bond":"",
"Treas":4.31,
"PC_Treas":"",
"CPIU":3,
"GDP":2.7
},
{
"Year":1968,
"SandP":10.81,
"PC_Stock":"",
"Bond":6.18,
"PC_Bond":"",
"Treas":5.34,
"PC_Treas":"",
"CPIU":4.7,
"GDP":4.9
},
{
"Year":1969,
"SandP":-8.24,
"PC_Stock":"",
"Bond":7.03,
"PC_Bond":"",
"Treas":6.67,
"PC_Treas":"",
"CPIU":6.2,
"GDP":3.1
},
{
"Year":1970,
"SandP":3.56,
"PC_Stock":"",
"Bond":8.04,
"PC_Bond":"",
"Treas":6.39,
"PC_Treas":"",
"CPIU":5.6,
"GDP":0.2
},
{
"Year":1971,
"SandP":14.22,
"PC_Stock":"",
"Bond":7.39,
"PC_Bond":"",
"Treas":4.33,
"PC_Treas":"",
"CPIU":3.3,
"GDP":3.3
},
{
"Year":1972,
"SandP":18.76,
"PC_Stock":"",
"Bond":7.21,
"PC_Bond":"",
"Treas":4.07,
"PC_Treas":"",
"CPIU":3.4,
"GDP":5.2
},
{
"Year":1973,
"SandP":-14.31,
"PC_Stock":"",
"Bond":7.44,
"PC_Bond":"",
"Treas":7.03,
"PC_Treas":"",
"CPIU":8.7,
"GDP":5.6
},
{
"Year":1974,
"SandP":-25.9,
"PC_Stock":"",
"Bond":8.57,
"PC_Bond":"",
"Treas":7.83,
"PC_Treas":"",
"CPIU":12.3,
"GDP":-0.5
},
{
"Year":1075,
"SandP":37,
"PC_Stock":"",
"Bond":8.83,
"PC_Bond":"",
"Treas":5.78,
"PC_Treas":"",
"CPIU":6.9,
"GDP":-0.2
},
{
"Year":1976,
"SandP":23.83,
"PC_Stock":"",
"Bond":8.43,
"PC_Bond":"",
"Treas":4.97,
"PC_Treas":"",
"CPIU":4.9,
"GDP":5.4
},
{
"Year":1977,
"SandP":-6.98,
"PC_Stock":"",
"Bond":8.02,
"PC_Bond":"",
"Treas":5.27,
"PC_Treas":"",
"CPIU":6.7,
"GDP":4.6
},
{
"Year":1978,
"SandP":6.51,
"PC_Stock":"",
"Bond":8.73,
"PC_Bond":"",
"Treas":7.19,
"PC_Treas":"",
"CPIU":9,
"GDP":5.6
},
{
"Year":1979,
"SandP":18.52,
"PC_Stock":"",
"Bond":9.63,
"PC_Bond":"",
"Treas":10.07,
"PC_Treas":"",
"CPIU":13.3,
"GDP":3.2
},
{
"Year":1980,
"SandP":31.74,
"PC_Stock":"",
"Bond":11.94,
"PC_Bond":"",
"Treas":11.43,
"PC_Treas":"",
"CPIU":12.5,
"GDP":-0.2
},
{
"Year":1981,
"SandP":-4.7,
"PC_Stock":"",
"Bond":14.17,
"PC_Bond":"",
"Treas":14.03,
"PC_Treas":"",
"CPIU":8.9,
"GDP":2.6
},
{
"Year":1982,
"SandP":20.42,
"PC_Stock":"",
"Bond":13.79,
"PC_Bond":"",
"Treas":10.61,
"PC_Treas":"",
"CPIU":3.8,
"GDP":-1.9
},
{
"Year":1983,
"SandP":22.34,
"PC_Stock":"",
"Bond":12.04,
"PC_Bond":"",
"Treas":8.61,
"PC_Treas":"",
"CPIU":3.8,
"GDP":4.6
},
{
"Year":1984,
"SandP":6.15,
"PC_Stock":"",
"Bond":12.71,
"PC_Bond":"",
"Treas":9.52,
"PC_Treas":"",
"CPIU":3.9,
"GDP":7.3
},
{
"Year":1985,
"SandP":31.24,
"PC_Stock":"",
"Bond":11.37,
"PC_Bond":"",
"Treas":7.48,
"PC_Treas":"",
"CPIU":3.8,
"GDP":4.2
},
{
"Year":1986,
"SandP":18.49,
"PC_Stock":"",
"Bond":9.02,
"PC_Bond":"",
"Treas":5.98,
"PC_Treas":"",
"CPIU":1.1,
"GDP":3.5
},
{
"Year":1987,
"SandP":5.81,
"PC_Stock":"",
"Bond":9.38,
"PC_Bond":"",
"Treas":5.78,
"PC_Treas":"",
"CPIU":4.4,
"GDP":3.5
},
{
"Year":1988,
"SandP":16.54,
"PC_Stock":"",
"Bond":9.71,
"PC_Bond":"",
"Treas":6.67,
"PC_Treas":"",
"CPIU":4.4,
"GDP":4.2
},
{
"Year":1989,
"SandP":31.48,
"PC_Stock":"",
"Bond":9.26,
"PC_Bond":"",
"Treas":8.11,
"PC_Treas":"",
"CPIU":4.6,
"GDP":3.7
},
{
"Year":1990,
"SandP":-3.06,
"PC_Stock":"",
"Bond":9.32,
"PC_Bond":"",
"Treas":7.49,
"PC_Treas":"",
"CPIU":6.1,
"GDP":1.9
},
{
"Year":1991,
"SandP":30.23,
"PC_Stock":"",
"Bond":8.77,
"PC_Bond":"",
"Treas":5.38,
"PC_Treas":"",
"CPIU":3.1,
"GDP":-0.1
},
{
"Year":1992,
"SandP":7.49,
"PC_Stock":"",
"Bond":8.14,
"PC_Bond":"",
"Treas":3.43,
"PC_Treas":"",
"CPIU":2.9,
"GDP":3.6
},
{
"Year":1993,
"SandP":9.97,
"PC_Stock":"",
"Bond":7.22,
"PC_Bond":"",
"Treas":3,
"PC_Treas":"",
"CPIU":2.7,
"GDP":2.7
},
{
"Year":1994,
"SandP":1.33,
"PC_Stock":"",
"Bond":7.96,
"PC_Bond":"",
"Treas":4.25,
"PC_Treas":"",
"CPIU":2.7,
"GDP":4
},
{
"Year":1995,
"SandP":37.2,
"PC_Stock":"",
"Bond":7.59,
"PC_Bond":"",
"Treas":5.49,
"PC_Treas":"",
"CPIU":2.5,
"GDP":2.7
},
{
"Year":1996,
"SandP":22.67,
"PC_Stock":"",
"Bond":7.37,
"PC_Bond":"",
"Treas":5.01,
"PC_Treas":"",
"CPIU":3.3,
"GDP":3.8
},
{
"Year":1997,
"SandP":33.1,
"PC_Stock":"",
"Bond":7.26,
"PC_Bond":"",
"Treas":5.06,
"PC_Treas":"",
"CPIU":1.7,
"GDP":4.5
},
{
"Year":1998,
"SandP":28.34,
"PC_Stock":"",
"Bond":6.53,
"PC_Bond":"",
"Treas":4.78,
"PC_Treas":"",
"CPIU":1.6,
"GDP":4.5
},
{
"Year":1999,
"SandP":20.89,
"PC_Stock":"",
"Bond":7.04,
"PC_Bond":"",
"Treas":4.64,
"PC_Treas":"",
"CPIU":2.7,
"GDP":4.7
},
{
"Year":2000,
"SandP":-9.03,
"PC_Stock":"",
"Bond":7.62,
"PC_Bond":"",
"Treas":5.82,
"PC_Treas":"",
"CPIU":3.4,
"GDP":4.1
},
{
"Year":2001,
"SandP":-11.85,
"PC_Stock":"",
"Bond":7.08,
"PC_Bond":"",
"Treas":3.39,
"PC_Treas":"",
"CPIU":1.6,
"GDP":1
},
{
"Year":2002,
"SandP":-21.97,
"PC_Stock":"",
"Bond":6.49,
"PC_Bond":"",
"Treas":1.6,
"PC_Treas":"",
"CPIU":2.4,
"GDP":1.8
},
{
"Year":2003,
"SandP":28.36,
"PC_Stock":"",
"Bond":5.67,
"PC_Bond":"",
"Treas":1.01,
"PC_Treas":"",
"CPIU":1.9,
"GDP":2.8
},
{
"Year":2004,
"SandP":10.74,
"PC_Stock":"",
"Bond":5.63,
"PC_Bond":"",
"Treas":1.37,
"PC_Treas":"",
"CPIU":3.3,
"GDP":3.8
},
{
"Year":2005,
"SandP":4.83,
"PC_Stock":"",
"Bond":5.24,
"PC_Bond":"",
"Treas":3.15,
"PC_Treas":"",
"CPIU":3.4,
"GDP":3.3
},
{
"Year":2006,
"SandP":15.61,
"PC_Stock":"",
"Bond":5.59,
"PC_Bond":"",
"Treas":4.73,
"PC_Treas":"",
"CPIU":2.5,
"GDP":2.7
},
{
"Year":2007,
"SandP":5.48,
"PC_Stock":"",
"Bond":5.56,
"PC_Bond":"",
"Treas":4.35,
"PC_Treas":"",
"CPIU":4.1,
"GDP":1.8
},
{
"Year":2008,
"SandP":-36.55,
"PC_Stock":"",
"Bond":5.63,
"PC_Bond":"",
"Treas":1.37,
"PC_Treas":"",
"CPIU":0.1,
"GDP":-0.3
},
{
"Year":2009,
"SandP":25.94,
"PC_Stock":"",
"Bond":5.31,
"PC_Bond":"",
"Treas":0.15,
"PC_Treas":"",
"CPIU":2.7,
"GDP":-2.8
},
{
"Year":2010,
"SandP":14.82,
"PC_Stock":"",
"Bond":4.94,
"PC_Bond":"",
"Treas":0.14,
"PC_Treas":"",
"CPIU":1.5,
"GDP":2.5
},
{
"Year":2011,
"SandP":2.1,
"PC_Stock":"",
"Bond":4.64,
"PC_Bond":"",
"Treas":0.05,
"PC_Treas":"",
"CPIU":3,
"GDP":1.6
},
{
"Year":2012,
"SandP":15.89,
"PC_Stock":"",
"Bond":3.67,
"PC_Bond":"",
"Treas":0.09,
"PC_Treas":"",
"CPIU":1.7,
"GDP":2.2
},
{
"Year":2013,
"SandP":32.15,
"PC_Stock":"",
"Bond":4.24,
"PC_Bond":"",
"Treas":0.06,
"PC_Treas":"",
"CPIU":1.5,
"GDP":1.7
},
{
"Year":2014,
"SandP":13.52,
"PC_Stock":"",
"Bond":4.16,
"PC_Bond":"",
"Treas":0.03,
"PC_Treas":"",
"CPIU":0.8,
"GDP":2.6
},
{
"Year":2015,
"SandP":1.36,
"PC_Stock":"",
"Bond":3.89,
"PC_Bond":"",
"Treas":0.05,
"PC_Treas":"",
"CPIU":0.7,
"GDP":2.9
},
{
"Year":2016,
"SandP":11.74,
"PC_Stock":"",
"Bond":3.67,
"PC_Bond":"",
"Treas":0.32,
"PC_Treas":"",
"CPIU":2.1,
"GDP":1.5
},
{
"Year":2017,
"SandP":null,
"PC_Stock":"",
"Bond":null,
"PC_Bond":"",
"Treas":null,
"PC_Treas":"",
"CPIU":null,
"GDP":null
}]
